date,issue_id,client,minutes,agent,activity,notes
2026-01-19,1,,69,codex,,"Bootstrap repo skeleton, templates, .ai audit trail, and issue #1 review"
2026-01-19,2,,20,codex,,Create CI issue/ADR/runbook; add GitHub Actions workflows with Linux tests + self-hosted Xcode job; trigger CI and capture run URL
2026-01-19,2,,55,codex,,Fix CI workflows; enforce arm64 runner labels; ensure xcresult uploads even on failure; verify CI green + artifacts; prove runner via workflow_dispatch
2026-01-19,3,,11,codex,,Codex governance lock-in: document immutable prompt/follow-up rules and execution discipline in AGENTS.md
2026-01-20,4,,6,codex,,Create ingest CLI + deterministic staging manifest/layout with unit tests; docs runbook_ingest; verify CI green and artifacts
2026-01-20,5,,8,codex,,Create identity build CLI with name parsing/normalization; generate people.json + aliases.json from staging; add tests + runbook; verify CI green
2026-01-20,6,,12,codex,,Add deterministic de-id command producing share-safe dataset + mapping/manifest/layout; add synthetic CDA/FHIR tests; docs runbook_deid; verify CI green
2026-01-20,7,,11,codex,,Add pipeline run orchestrator with run_report.json; integration test for share mode end-to-end; docs runbook_pipeline; verify CI green
2026-01-20,8,,55,codex,,"Implement `healthdelta export ndjson` from pipeline outputs (HealthKit XML + FHIR JSON + CDA) with deterministic, share-safe NDJSON streams; add synthetic tests + runbook_ndjson; update audit artifacts; verify tests locally"
2026-01-20,9,,65,codex,,Create deterministic DuckDB loader/query CLI for canonical NDJSON streams; add schema + synthetic tests; update CI to install duckdb; add runbook_duckdb and audit artifacts; verify CI green
2026-01-21,10,,60,codex,,Add deterministic share-safe reporting CLI from DuckDB; generate summary.json/md and coverage/timeline CSV artifacts; synthetic DuckDB report tests; docs runbook_reports; audit artifacts; verify CI green
2026-01-21,11,,80,codex,,Add incremental run registry in state dir with deterministic input fingerprints + run_id derivation and no-op when unchanged; add run register command; update pipeline CLI with --state/--since; add synthetic tests and runbook_incremental; audit artifacts; verify CI green
2026-01-20,12,,78,codex,,Implement `healthdelta run all` operator command (share-safe default) to orchestrate pipeline -> NDJSON -> DuckDB -> reports with deterministic no-op; add synthetic integration test and runbook_operator; update audit artifacts
2026-01-20,13,,28,codex,,"Implement `healthdelta note build` to produce deterministic share-safe doctor_note.txt/md from DuckDB; add synthetic DuckDB-backed tests, runbook_note, and audit artifacts"
2026-01-21,14,,30,codex,,Integrate Doctor’s Note into `healthdelta run all` (direct function call) with deterministic note paths and registry pointers; add ADR_3 and update runbook_operator + tests; prepare CI evidence and issue comments
2026-01-21,15,,13,codex,,"Add `healthdelta export profile` to generate deterministic, share-safe export directory profiling artifacts (files/ext counts, HealthKit Record types, sampled FHIR resourceTypes, CDA tag counts) with synthetic fixtures, tests, and runbook_profile"
2026-01-21,16,,5,codex,,Add share-safe in-repo living plan/backlog and local issue artifact template; create backlog issues #17–#22; update AGENTS.md; add audit artifacts; verify CI proof and close
2026-01-21,17,,15,codex,,"Add canonical export layout resolver and update `export profile` to use it; add wrapped-layout fixtures/tests ensuring deterministic, share-safe outputs and exclusion of unrelated files; audit artifacts and CI closure"
2026-01-21,18,,5,codex,,"Update ingest to use export layout resolver, stage export_cda.xml, and restrict clinical JSON staging to the clinical records tree only; update tests for CDA presence and exclusion of unrelated JSON; add audit artifacts and close with CI proof"
2026-01-21,19,,8,codex,,Remove redundant CDA staging logic from pipeline/operator and rely on ingest staging/layout; strengthen pipeline/operator tests to prove CDA propagates through share mode; close with CI proof
2026-01-21,20,,10,codex,,"Add deterministic `healthdelta export validate` for NDJSON streams (newline-delimited JSON objects, required keys, optional banned token/pattern checks) with synthetic tests and runbook; close with CI proof"
2026-01-21,21,,14,codex,,Add deterministic `healthdelta share bundle` to package share-safe run artifacts (deid/ndjson/duckdb/reports/note + registry snippet) into a byte-stable tar.gz; synthetic tests ensure staging/identity excluded and banned tokens absent; close with CI proof
2026-01-22,22,,17,codex,,Add deterministic share-safe “Next Steps” section to `healthdelta export profile` output (profile.md) recommending operator/pipeline commands based on detected files; update synthetic tests; close with CI proof
2026-01-22,23,,17,codex,,Refresh `docs/plan.md` to mark #17–#22 completed and list #23–#32 next; add local issue artifact + audit artifacts; close with CI proof
2026-01-22,24,,10,codex,,Make operator identity persistent under `state/identity` for stable canonical_person_id across runs; update NDJSON identity discovery; extend synthetic operator tests and runbook; close with CI proof
2026-01-22,25,,15,codex,,Add `schema_version` and stable `record_key` to all NDJSON rows; require via validator; update docs/tests; record CI evidence and close
2026-01-22,26,,30,codex,,Make `healthdelta duckdb build` append-safe by deduping on `record_key`; extend DB schema with schema_version/record_key; update tests + runbook; close with CI proof
2026-01-22,27,,35,codex,,Add `healthdelta share verify` and bundle manifest (path/size/sha256) to validate allowlist-only share bundles; update docs/tests; close with CI proof
2026-01-22,28,,35,codex,,Add `person_links.json` with verification_state and sha256-fingerprinted external IDs; avoid auto-merge on same-run name collisions; update tests + runbook; close with CI proof
2026-01-22,29,,30,codex,,"Add `healthdelta identity review/confirm` CLI for unverified PersonLinks with deterministic, share-safe output; update tests + runbook; close with CI proof"
2026-01-22,30,,35,codex,,Add iOS `AnchorStore` for deterministic HKQueryAnchor persistence (versioned envelope + sha256 filenames) with unit tests; close with CI proof
2026-01-22,31,,35,codex,,Add mockable anchored query abstraction (protocol + live + fake) and iOS unit tests for deterministic anchor progression and no-op; close with CI proof
2026-01-22,32,,50,codex,,Add iOS NDJSON writer + incremental export skeleton integrating AnchorStore and anchored query abstraction; tests prove deterministic bytes and no-op when unchanged; close with CI proof
2026-01-22,33,,20,codex,,Refresh `docs/plan.md` to mark #23–#32 completed and list next issues #33–#42; add prompt/session/review/local issue artifacts; close with CI proof
2026-01-22,34,,45,codex,,Add iOS persisted single-user `canonical_person_id` (UUIDv4) and include on every iOS NDJSON row; add unit tests; close with CI proof
2026-01-22,35,,40,codex,,Add iOS deterministic export layout under app sandbox and update iOS tests to use stable run_id paths; best-effort atomic file creation for NDJSON outputs; close with CI proof
2026-01-22,36,,45,codex,,Add deterministic iOS export manifest.json (sha256/sizes + row counts) with streaming-safe hashing/counting; add unit tests and wire manifest emission into exporter; close with CI proof
2026-01-22,37,,45,codex,,Add `healthdelta ingest ios` to stage iOS NDJSON exports deterministically (run_id from content hashes) with share-safe staging manifest; add synthetic unit tests; close with CI proof
2026-01-22,38,,45,codex,,Extend DuckDB loader to accept iOS export/staging run dirs (manifest.json + ndjson/) via subset mapping; add synthetic tests and document mapping; close with CI proof
2026-01-22,39,,30,codex,,Update report outputs to surface iOS-derived rows as source=ios via source_file heuristic; add synthetic tests; close with CI proof
2026-01-22,40,,20,codex,,"Add `docs/runbook_ios_export.md` and reference it from AGENTS.md; document iOS artifacts, ingestion workflow, and privacy guardrails; close with CI proof"
2026-01-22,41,,25,codex,,Update CI to upload Linux unittest output as deterministic artifact `linux-unittest` (log + python version); preserve failure semantics; close with CI proof
2026-01-22,42,,20,codex,,Add ADR documenting Apple export pipeline vs iOS incremental export convergence invariants and NDJSON alignment; reference ADR from AGENTS.md; close with CI proof
2026-01-22,43,,40,codex,,"Define CD targets + deployment proof (ADR + runbook), add `Release` workflow that publishes share-safe CLI dist artifacts on main and attaches assets on v* tags; update governance and issue template; close with CI proof"
2026-01-22,44,,20,codex,,Add `docs/cd_plan.md` (end-state CD plan for backend+TestFlight) with required issue/prompt/session artifacts; merge PR #45
2026-01-22,46,,50,codex,,"Establish tag-derived version truth (setuptools_scm), add `healthdelta version`, harden Release workflow tag verification, add iOS version helper script; merge PR #47"
2026-01-22,48,,45,codex,,"Add minimal backend HTTP service with `/healthz` and `/version`, container scaffolding (Dockerfile + dev compose), and endpoint integration tests; merge PR #51"
2026-01-22,54,,30,codex,,Extend `Release` workflow to publish backend image to GHCR on tags with pull+run verification; merge PR #55
2026-01-22,56,,30,codex,,Fix Release tag builds to emit exact `X.Y.Z` artifact versions; validate with successful tag run `v0.0.2`; merge PR #57
2026-01-22,60,,40,codex,,"Add ORIN deploy workflow scaffold (compose template, deploy/verify scripts, runbook) for tag-triggered LAN-local deployments; merge PR #61"
2026-01-23,64,,65,codex,,"Add centralized CLI progress framework + flags, integrate into ingest/export ndjson (including byte-level copy/hash progress), add tests and CLI progress runbook"
2026-01-23,66,,16,codex,,"Add progress indicators across duckdb/reports/deid/share bundle/operator, plus tests and CLI runbook updates"
2026-01-23,69,,14,codex,,"Add progress indicators for identity build, export profile/validate, and pipeline run; add tests and runbook updates"
2026-01-30,97,,25,codex,,"Sync local .ai governance baseline to origin/main"
2026-01-30,72,,40,codex,,"Refresh plan/backlog; add CI commit Issue footer gate with script/tests; document policy in README"
2026-01-30,72,,10,codex,,"Fix Issue footer checker to use merge-base for branch creation pushes"
2026-01-30,72,,8,codex,,"Fix Issue footer checker for merge commit parent order"
2026-01-30,72,,6,codex,,"Handle force-push ranges in Issue footer checker"
2026-01-30,73,,60,codex,,"Add Encounter NDJSON export + DuckDB loading + reporting coverage; extend tests"
2026-01-30,74,,60,codex,,"Add Procedure NDJSON export + DuckDB loading + reporting coverage; extend tests"
2026-02-01,99,,30,codex,,"Handle force-push ranges in Issue footer checker"
2026-01-30,96,,20,codex,,"Enforce prompt immutability in CI with tests"
2026-01-30,96,,10,codex,,"Run unit tests for Issue #96 guardrail changes"
2026-02-01,74,,30,codex,,"Rebase + conflict resolution for Procedure export; fix ndjson export test"
2026-02-01,75,,20,codex,,"Export DiagnosticReport NDJSON with Observation linkage"
2026-02-01,76,,20,codex,,"Export MedicationStatement/MedicationDispense"
2026-02-01,77,,20,codex,,"Export AllergyIntolerance + Immunization"
2026-02-01,78,,25,codex,,"subject.identifier and patient.identifier resolution with ambiguity guard"
2026-02-01,79,,20,codex,,"unresolved reference integrity report outputs and tests"
2026-02-01,80,,20,codex,,"de-id free-text narrative redaction for FHIR resources"
2026-02-01,81,,20,codex,,"CDA discharge sections and encounter timing coverage"
2026-02-01,82,,20,codex,,"versioned NDJSON schemas and validator compatibility checks"
2026-02-01,83,,20,codex,,"duckdb/report/note coverage for diagnostic report stream"
2026-02-01,84,,25,codex,,"share-safe source_system tagging through export, duckdb, and reports"
2026-02-01,85,,20,codex,,"share bundle evidence pack with validation log + manifest checks"
2026-02-01,86,,25,codex,,"CI guardrails for audit updates + validation evidence artifacts"
2026-02-01,117,,45,codex,,"Managed issue worktree root + auto-prune policy guardrails"
2026-02-01,120,,35,codex,,"Orin production deployment planning phase + MMF backlog"
2026-02-01,130,,55,codex,,"Governance hardening for rewrite-tolerant non-blocking enforcement"
2026-02-01,132,UNASSIGNED,25,codex,UNASSIGNED,"ORIN runner diagnostics workflow + evidence artifact"
2026-02-01,134,UNASSIGNED,35,codex,UNASSIGNED,"Release workflow multi-arch backend publish + manifest verification"
2026-02-01,136,UNASSIGNED,45,codex,UNASSIGNED,"ORIN deploy workflow proof artifacts + tagged release/deploy execution"
2026-02-01,138,UNASSIGNED,20,codex,UNASSIGNED,"Option A hardening: remove sudo from ORIN deploy path"
2026-02-01,140,UNASSIGNED,15,codex,UNASSIGNED,"ORIN deploy verify invocation fix for non-executable script path"
2026-02-01,143,UNASSIGNED,20,codex,UNASSIGNED,"ORIN deploy waits for GHCR manifest availability on tag-triggered runs"
2026-02-02,121,UNASSIGNED,45,codex,UNASSIGNED,"Export profile schema inventory + sensitive field map + CI artifact evidence"
2026-02-02,122,UNASSIGNED,35,codex,UNASSIGNED,"ORIN local model/runtime matrix planning artifact + docs linkage"
2026-02-02,123,UNASSIGNED,70,codex,UNASSIGNED,"Backend ingest->de-id->summary vertical slice API with citation and CI evidence artifacts"
2026-02-02,124,UNASSIGNED,55,codex,UNASSIGNED,"Risk flags v1 deterministic ruleset with evidence traceability and disclaimer"
2026-02-02,125,UNASSIGNED,50,codex,UNASSIGNED,"Trend analysis v1 payload with windowed direction/confidence and insufficiency handling"
2026-02-02,126,UNASSIGNED,55,codex,UNASSIGNED,"Grounded local Q&A endpoint with citations, abstain behavior, and safety disclaimer"
2026-02-02,127,UNASSIGNED,65,codex,UNASSIGNED,"ORIN deploy/rollback proof updates for summary+qa endpoint validation and persisted artifacts"
2026-02-02,154,UNASSIGNED,25,codex,UNASSIGNED,"Release image fixture path fix for ORIN summary/qa smoke checks"
2026-02-02,128,UNASSIGNED,45,codex,UNASSIGNED,"Blocking CI safety guardrails for PHI patterns and output disclaimer/citation contracts"
2026-02-02,92,UNASSIGNED,35,codex,UNASSIGNED,"CI governance artifact report for deterministic issue-discipline evidence"
2026-02-02,72,UNASSIGNED,30,codex,UNASSIGNED,"Plan refresh and deterministic CI issue-reference gate coverage tests"
2026-02-02,159,UNASSIGNED,75,codex,UNASSIGNED,"iOS sync status dashboard + insights cards + deterministic mapping tests"
2026-02-02,159,UNASSIGNED,20,codex,UNASSIGNED,"Fix brittle iOS time-label assertions in SyncStatusStoreTests after macOS CI failure"
2026-02-02,159,UNASSIGNED,15,codex,UNASSIGNED,"Fix optional+accuracy compile issue in SyncStatusStoreTests on macOS CI"
2026-02-02,159,UNASSIGNED,10,codex,UNASSIGNED,"Correct delta epoch expectations in SyncStatusStoreTests from macOS CI evidence"
2026-02-02,162,UNASSIGNED,70,codex,UNASSIGNED,"ORIN benchmark workflow + threshold checker + runbook integration"
2026-02-02,164,UNASSIGNED,60,codex,UNASSIGNED,"Persistent ORIN data-plane mount + deploy verification sentinel persistence"
2026-02-02,166,UNASSIGNED,90,codex,UNASSIGNED,"Backend upload/dataset API with bearer auth, resumable sessions, finalize/archive/list endpoints"
2026-03-08,49,UNASSIGNED,15,codex,UNASSIGNED,"Audit review of Issue #49 and confirm backfill scope for Issues #44 and #46 is met; append missing Issue #49 time entry"
2026-03-08,52,UNASSIGNED,10,codex,UNASSIGNED,"Audit review of Issue #52 and confirm backfill scope for Issue #48 is met; append missing Issue #52 time entry"
2026-03-08,58,UNASSIGNED,10,codex,UNASSIGNED,"Audit review of Issue #58 and confirm backfill scope for Issues #54 and #56 is met; append missing Issue #58 time entry"
2026-03-08,62,UNASSIGNED,10,codex,UNASSIGNED,"Audit review of Issue #62 and confirm backfill scope for Issue #60 is met; append missing Issue #62 time entry"
2026-03-08,76,UNASSIGNED,35,codex,UNASSIGNED,"Close Issue #76 docs/test/audit gaps for MedicationStatement and MedicationDispense export support"
2026-03-08,87,UNASSIGNED,10,codex,UNASSIGNED,"Confirm Issue #87 UTC test enforcement is closed and append missing Issue #87 time entry"
2026-03-08,93,UNASSIGNED,10,codex,UNASSIGNED,"Confirm Issue #93 single-Issue CI guardrail is closed and append missing Issue #93 time entry"
2026-03-08,94,UNASSIGNED,10,codex,UNASSIGNED,"Confirm Issue #94 PR metadata guardrail is closed and append missing Issue #94 time entry"
2026-03-08,95,UNASSIGNED,10,codex,UNASSIGNED,"Confirm Issue #95 audit-artifact CI guardrail is closed and append missing Issue #95 time entry"
2026-03-08,99,UNASSIGNED,10,codex,UNASSIGNED,"Confirm Issue #99 force-push-tolerant issue footer check is closed and add missing session artifact"
2026-03-08,214,UNASSIGNED,20,codex,UNASSIGNED,"Commit current local closure and governance audit backfills under a single tracked issue"
2026-03-08,214,UNASSIGNED,15,codex,UNASSIGNED,"Fix pushed CI regression in test_reports top_record_types assertion after reviewing failed Actions run 22829122993"
2026-03-08,213,UNASSIGNED,30,codex,UNASSIGNED,"Reconcile docs/plan.md with live GitHub issue state and current open roadmap issues"
2026-03-08,174,UNASSIGNED,20,codex,UNASSIGNED,"Verify existing incremental HealthKit anchor implementation, add missing audit artifacts, and close Issue #174"
2026-03-08,175,UNASSIGNED,20,codex,UNASSIGNED,"Implement operator share-safe bundle pipeline with NDJSON validation artifacts and bundle verification"
2026-03-08,175,UNASSIGNED,35,codex,UNASSIGNED,"Wire run-all bundle-out flow, validation artifacts, operator tests, and runbook updates for verified share bundle pipeline"
2026-03-08,214,UNASSIGNED,10,codex,UNASSIGNED,"Fix follow-up report test expectation to respect top_n=5 after reviewing failed Actions run 22829447109"
2026-03-08,176,UNASSIGNED,25,codex,UNASSIGNED,"Audit governance and runbook docs, reconcile stale plan entries, and document CI enforcement points plus required .ai artifacts"
2026-03-08,178,UNASSIGNED,30,codex,UNASSIGNED,"Add a share-safe clinical coverage inventory artifact to export profile and update the roadmap priorities for hospital records"
2026-03-08,179,UNASSIGNED,30,codex,UNASSIGNED,"Add deterministic coverage.json and coverage.md report artifacts for hospital-record resource and CDA section coverage"
2026-03-08,180,UNASSIGNED,20,codex,UNASSIGNED,"Add clinical_inventory.json as a deterministic share-safe export-profile artifact and document zero-count behavior"
2026-03-08,181,UNASSIGNED,25,codex,UNASSIGNED,"Add a clinical unresolved-reference breakdown to report outputs and document the new section"
2026-03-08,182,UNASSIGNED,20,codex,UNASSIGNED,"Include clinical coverage evidence artifacts in share bundles and cover manifest inclusion plus zero-count cases"
2026-03-08,183,UNASSIGNED,35,codex,UNASSIGNED,"Add export coverage matrix command, fixture-based gap report artifacts, and CI upload evidence for coverage_matrix outputs"
2026-03-08,184,UNASSIGNED,35,codex,UNASSIGNED,"Add full Condition field mapping plus deterministic missing-field warning summary to NDJSON export"
2026-03-08,185,UNASSIGNED,35,codex,UNASSIGNED,"Add medication and allergy field mapping with complete/missing-field coverage in NDJSON export"
2026-03-08,186,UNASSIGNED,35,codex,UNASSIGNED,"Add immunization and procedure field mapping with complete/missing-field coverage in NDJSON export"
2026-03-08,187,UNASSIGNED,35,codex,UNASSIGNED,"Add explicit Encounter NDJSON fields and DuckDB encounter_id loading for hospital FHIR exports"
2026-03-08,188,UNASSIGNED,45,codex,UNASSIGNED,"Add explicit Observation NDJSON fields, encounter linkage, component stability, and code-system coverage reporting"
2026-03-08,189,UNASSIGNED,35,codex,UNASSIGNED,"Add explicit DiagnosticReport NDJSON fields and validation-safe canonical metadata"
2026-03-08,190,UNASSIGNED,35,codex,UNASSIGNED,"Add explicit DocumentReference NDJSON fields and share-safe attachment metadata contract"
2026-03-08,191,UNASSIGNED,45,codex,UNASSIGNED,"Add canonical CarePlan and Goal NDJSON export plus validation-safe schema coverage"
2026-03-08,192,UNASSIGNED,45,codex,UNASSIGNED,"Add canonical ServiceRequest NDJSON export plus validation-safe schema coverage"
2026-03-08,193,UNASSIGNED,45,codex,UNASSIGNED,"Add canonical Coverage NDJSON export plus validation-safe schema coverage"
2026-03-08,200,UNASSIGNED,45,codex,UNASSIGNED,"Add canonical Organization NDJSON export plus validation-safe schema coverage"
2026-03-08,201,UNASSIGNED,45,codex,UNASSIGNED,"Add canonical Practitioner NDJSON export plus validation-safe schema coverage"
2026-03-08,202,UNASSIGNED,45,codex,UNASSIGNED,"Add canonical Location NDJSON export plus validation-safe schema coverage"
2026-03-08,203,UNASSIGNED,45,codex,UNASSIGNED,"Add canonical Provenance NDJSON export plus validation-safe schema coverage"
2026-03-09,204,UNASSIGNED,45,codex,UNASSIGNED,"Add canonical Binary NDJSON export plus share-safe attachment metadata handling"
2026-03-09,206,UNASSIGNED,30,codex,UNASSIGNED,"Add share-safe clinical_records_v1 fixture pack and use it in NDJSON mapping tests"
2026-03-09,210,UNASSIGNED,45,codex,UNASSIGNED,"Add canonical ImagingStudy NDJSON export plus validation-safe schema coverage"
2026-03-09,211,UNASSIGNED,45,codex,UNASSIGNED,"Add canonical Specimen NDJSON export plus validation-safe schema coverage"
2026-03-09,212,UNASSIGNED,45,codex,UNASSIGNED,"Add canonical Device NDJSON export plus validation-safe schema coverage"
2026-03-09,207,UNASSIGNED,45,codex,UNASSIGNED,"Add explicit NDJSON validation rulepack for mapped clinical record resource types"
2026-03-09,207,UNASSIGNED,15,codex,UNASSIGNED,"Fix CI regression in operator validation by relaxing Observation rulepack requirements and rerun operator tests"
2026-03-09,208,UNASSIGNED,45,codex,UNASSIGNED,"Add clinical evidence manifest artifacts to report outputs and share bundles"
2026-03-09,209,UNASSIGNED,45,codex,UNASSIGNED,"Add scheduled ORIN benchmark cadence, runbook updates, and workflow proof"
2026-03-09,205,UNASSIGNED,30,codex,UNASSIGNED,"Refresh roadmap to reflect the completed clinical-record wave and remaining benchmark follow-up"
2026-03-09,209,UNASSIGNED,30,codex,UNASSIGNED,"Restore ORIN benchmark execution after runner recovery by fixing Python 3.10 UTC compatibility"
2026-03-09,215,UNASSIGNED,45,codex,UNASSIGNED,"Diagnose physical-iPhone launch termination and prepare the macOS runner for retesting once the device reconnects"
2026-03-09,215,UNASSIGNED,35,codex,UNASSIGNED,"Retest the physical iPhone launch from the macOS GUI session, verify the app stays alive, and close the on-device startup fix"
2026-03-09,216,UNASSIGNED,20,codex,UNASSIGNED,"Wire the first manual iOS export flow so the dashboard can populate local sync data from an on-device run"
2026-03-09,216,UNASSIGNED,20,codex,UNASSIGNED,"Fix the first device export crash by adding the required Health privacy usage string and continue the on-device export retest"
2026-03-09,216,UNASSIGNED,20,codex,UNASSIGNED,"Fix the missing HealthKit entitlement in the signed iOS app and continue the on-device export retest"
2026-03-09,216,UNASSIGNED,20,codex,UNASSIGNED,"Capture the successful physical-device export proof, confirm the dashboard now shows local sync data, and close the issue"
2026-03-10,217,UNASSIGNED,90,codex,UNASSIGNED,"Reproduce the ORIN DuckDB/report failure for copied iOS incremental exports, optimize fresh iOS DuckDB loading, validate ORIN report generation, and align operator runbooks"
2026-03-10,217,UNASSIGNED,10,codex,UNASSIGNED,"Capture the CI governance-footer failure, add follow-up audit artifacts, and rerun Issue #217 with a footer-compliant commit"
2026-03-10,218,UNASSIGNED,60,codex,UNASSIGNED,"Strengthen iOS HealthKit observation identity to use stable sample UUID-based source_id/record_key, update downstream ingest, and verify with Python plus macOS simulator tests"
2026-03-10,219,UNASSIGNED,15,codex,UNASSIGNED,"Implement the first direct iPhone-to-ORIN upload path for completed iOS export runs"
2026-03-11,220,UNASSIGNED,30,codex,UNASSIGNED,"Show explicit progress indicators for long-running iOS export and upload actions"
2026-03-11,221,UNASSIGNED,45,codex,UNASSIGNED,"Fetch ORIN-generated insights into the iPhone app after upload"
2026-03-11,222,UNASSIGNED,30,codex,UNASSIGNED,"Land the validated integrated iPhone ORIN upload, progress, and insights slice under one governance-compliant push"
2026-03-11,223,UNASSIGNED,20,codex,UNASSIGNED,"Refine ORIN iPhone insight cards with local Ollama analysis while preserving a safe heuristic fallback"
2026-03-11,223,UNASSIGNED,60,codex,UNASSIGNED,"Validate and promote the Ollama-backed ORIN insight path using CPU-mode inference plus a host proxy for the loopback-only runtime"
2026-03-11,223,UNASSIGNED,20,codex,UNASSIGNED,"Stabilize the existing macOS dashboard progress tests after the #223 landing push exposed a runner-dependent async gate race"
2026-03-11,223,UNASSIGNED,20,codex,UNASSIGNED,"Tighten the live Ollama prompt to a fixed two-card JSON contract and revalidate the refined ORIN cards before final promotion"
2026-03-11,224,UNASSIGNED,15,codex,UNASSIGNED,"Update iPhone dashboard and insight timestamps to render in the device local timezone instead of UTC"
2026-03-11,224,UNASSIGNED,25,codex,UNASSIGNED,"Validate local-time iOS formatting on the Mac simulator suite and attempt a physical-device rebuild/install for the connected iPhone"
2026-03-11,224,UNASSIGNED,10,codex,UNASSIGNED,"Repair the missing Issue footer governance failure with a non-rewrite follow-up push under the same issue"
2026-03-11,225,UNASSIGNED,20,codex,UNASSIGNED,"Rework ORIN iPhone insights to use deterministic analytics artifacts plus artifact-grounded Ollama refinement"
2026-03-11,227,UNASSIGNED,20,codex,UNASSIGNED,"Package the backend image runtime dependencies needed by the ORIN artifact-grounded insights path"
2026-03-11,228,UNASSIGNED,25,codex,UNASSIGNED,"Fix the iPhone upload archive builder so ORIN receives correct run-relative manifest and NDJSON paths"
2026-03-11,228,UNASSIGNED,35,codex,UNASSIGNED,"Tighten the iPhone upload repair so the app skips manifest-only stub runs and archives the newest complete export for ORIN"
2026-03-11,228,UNASSIGNED,25,codex,UNASSIGNED,"Harden Upload Latest Run so it re-resolves the newest complete local export instead of trusting a stale on-screen snapshot"
2026-03-11,226,UNASSIGNED,30,codex,UNASSIGNED,"Roll the live ORIN backend forward and validate end-to-end iPhone upload plus insights generation on the current deployment"
2026-03-11,226,UNASSIGNED,15,codex,UNASSIGNED,"Record single-issue CI proof for the already-landed ORIN rollout after a mixed-issue push tripped governance"
2026-03-11,229,UNASSIGNED,20,codex,UNASSIGNED,"Make ORIN insight window and target patient configurable from the iPhone app while preserving current defaults"
2026-03-11,230,UNASSIGNED,20,codex,UNASSIGNED,"Make ORIN accumulate incremental iPhone uploads into a cumulative current dataset instead of replacing prior state"
2026-03-11,231,UNASSIGNED,20,codex,UNASSIGNED,"Replay the saved iPhone exports on the MacBook Air into live ORIN so the deployed cumulative dataset reflects the full available history"
2026-03-12,232,UNASSIGNED,20,codex,UNASSIGNED,"Redesign the iPhone dashboard into the selected Clinical Compass care view while preserving current export/upload behavior"
2026-03-12,232,UNASSIGNED,15,codex,UNASSIGNED,"Add a stronger health-related icon treatment to the Clinical Compass dashboard and correct the commit governance footer"
2026-03-12,233,UNASSIGNED,20,codex,UNASSIGNED,"Make the Clinical Compass patient and window scope controls readable, explicit, and lower-friction"
2026-03-12,234,UNASSIGNED,20,codex,UNASSIGNED,"Add local-only patient display aliases on iPhone so Clinical Compass can show humane labels without exporting them"
2026-03-12,235,UNASSIGNED,20,codex,UNASSIGNED,"Expand the iPhone HealthKit export path beyond step count so Apple Health data is captured more broadly and remains usable on ORIN"
2026-03-12,236,UNASSIGNED,20,codex,UNASSIGNED,"Make patient scope reflect live ORIN dataset buckets and show overview progress only for active work"
2026-03-12,237,UNASSIGNED,20,codex,UNASSIGNED,"Make ORIN cumulative iPhone uploads inherit a manual Apple bootstrap dataset instead of discarding it on the next delta upload"
2026-03-12,238,UNASSIGNED,20,codex,UNASSIGNED,"Replace generic ORIN patient labels on iPhone with a durable local-only patient naming flow"
2026-03-12,239,UNASSIGNED,20,codex,UNASSIGNED,"Separate fitness and clinical domains in the iPhone dashboard while preserving a combined bedside view"
2026-03-12,240,UNASSIGNED,20,codex,UNASSIGNED,"Make the iPhone home screen health-centered instead of operational or debugging-like"
2026-03-13,241,UNASSIGNED,20,codex,UNASSIGNED,"Make doctor's note prompt produce clinically useful summaries instead of row-count filler"
2026-03-13,242,UNASSIGNED,20,codex,UNASSIGNED,"Recover richer clinical signal from original Apple export and reprocess ORIN baseline"
2026-03-13,243,UNASSIGNED,20,codex,UNASSIGNED,"Preserve strong labels for numeric wellness data from Apple export"
2026-03-13,244,UNASSIGNED,20,codex,UNASSIGNED,"Deploy ORIN backend from the latest tagged release image"
